Workbook

Sheet raw  data-stocks
A1: Ticker | B1: Date | C1: Open | D1: High | E1: Low | F1: Close | G1: Adj Close | H1: Volume | I1: Daily return(%) | J1: 7 Day Moving Avg | K1: Volatility
A2: AAPL | B2: 44964 | C2: 150.64 | D2: 155.23 | E2: 150.64 | F2: 154.64999 | G2: 154.41423 | H2: 83322600
A3: AAPL | B3: 44965 | C3: 153.88 | D3: 154.58 | E3: 151.17 | F3: 151.92 | G3: 151.6884 | H3: 64120100 | I3: =(G3/G2)-1 -> -0.017652713
A4: AAPL | B4: 44966 | C4: 153.78 | D4: 154.33 | E4: 150.42 | F4: 150.87 | G4: 150.64 | H4: 56007100 | I4: =(G4/G3)-1 -> -0.0069115429
A5: AAPL | B5: 44967 | C5: 149.46001 | D5: 151.34 | E5: 149.22 | F5: 151.00999 | G5: 151.00999 | H5: 57450700 | I5: =(G5/G4)-1 -> 0.0024561545
A6: AAPL | B6: 44970 | C6: 150.95 | D6: 154.25999 | E6: 150.92 | F6: 153.85001 | G6: 153.85001 | H6: 62199000 | I6: =(G6/G5)-1 -> 0.018806779
A7: AAPL | B7: 44971 | C7: 152.12 | D7: 153.77 | E7: 150.86 | F7: 153.2 | G7: 153.2 | H7: 61707600 | I7: =(G7/G6)-1 -> -0.0042249537
A8: AAPL | B8: 44972 | C8: 153.11 | D8: 155.5 | E8: 152.88 | F8: 155.33 | G8: 155.33 | H8: 65573800 | I8: =(G8/G7)-1 -> 0.013903426 | J8: =AVERAGE(OFFSET(G8,-6,0,7,1)) -> 152.87609 | K8: =STDEV(OFFSET(I8,-6,0,7,1)) -> 0.013590385
A9: AAPL | B9: 44973 | C9: 153.50999 | D9: 156.33 | E9: 153.35001 | F9: 153.71001 | G9: 153.71001 | H9: 68167900 | I9: =(G9/G8)-1 -> -0.010429377 | J9: =AVERAGE(OFFSET(G9,-6,0,7,1)) -> 152.77549 | K9: =STDEV(OFFSET(I9,-6,0,7,1)) -> 0.013144688
A10: AAPL | B10: 44974 | C10: 152.35001 | D10: 153 | E10: 150.85001 | F10: 152.55 | G10: 152.55 | H10: 59144100 | I10: =(G10/G9)-1 -> -0.0075467023 | J10: =AVERAGE(OFFSET(G10,-6,0,7,1)) -> 152.89857 | K10: =STDEV(OFFSET(I10,-6,0,7,1)) -> 0.011395479
A11: AAPL | B11: 44978 | C11: 150.2 | D11: 151.3 | E11: 148.41 | F11: 148.48 | G11: 148.48 | H11: 58867200 | I11: =(G11/G10)-1 -> -0.026679825 | J11: =AVERAGE(OFFSET(G11,-6,0,7,1)) -> 152.59 | K11: =STDEV(OFFSET(I11,-6,0,7,1)) -> 0.015392374
A12: AAPL | B12: 44979 | C12: 148.87 | D12: 149.95 | E12: 147.16 | F12: 148.91 | G12: 148.91 | H12: 51011300 | I12: =(G12/G11)-1 -> 0.0028960665 | J12: =AVERAGE(OFFSET(G12,-6,0,7,1)) -> 152.29 | K12: =STDEV(OFFSET(I12,-6,0,7,1)) -> 0.015414289
A13: AAPL | B13: 44980 | C13: 150.09 | D13: 150.34 | E13: 147.24001 | F13: 149.39999 | G13: 149.39999 | H13: 48394200 | I13: =(G13/G12)-1 -> 0.0032905125 | J13: =AVERAGE(OFFSET(G13,-6,0,7,1)) -> 151.65429 | K13: =STDEV(OFFSET(I13,-6,0,7,1)) -> 0.012841934
A14: AAPL | B14: 44981 | C14: 147.11 | D14: 147.19 | E14: 145.72 | F14: 146.71001 | G14: 146.71001 | H14: 55469600 | I14: =(G14/G13)-1 -> -0.01800527 | J14: =AVERAGE(OFFSET(G14,-6,0,7,1)) -> 150.72714 | K14: =STDEV(OFFSET(I14,-6,0,7,1)) -> 0.013876519
A15: AAPL | B15: 44984 | C15: 147.71001 | D15: 149.17 | E15: 147.45 | F15: 147.92 | G15: 147.92 | H15: 44998500 | I15: =(G15/G14)-1 -> 0.0082475046 | J15: =AVERAGE(OFFSET(G15,-6,0,7,1)) -> 149.66857 | K15: =STDEV(OFFSET(I15,-6,0,7,1)) -> 0.012627343
A16: AAPL | B16: 44985 | C16: 147.05 | D16: 149.08 | E16: 146.83 | F16: 147.41 | G16: 147.41 | H16: 50547000 | I16: =(G16/G15)-1 -> -0.0034477725 | J16: =AVERAGE(OFFSET(G16,-6,0,7,1)) -> 148.76857 | K16: =STDEV(OFFSET(I16,-6,0,7,1)) -> 0.012576774
A17: AAPL | B17: 44986 | C17: 146.83 | D17: 147.23 | E17: 145.00999 | F17: 145.31 | G17: 145.31 | H17: 55479000 | I17: =(G17/G16)-1 -> -0.014246022 | J17: =AVERAGE(OFFSET(G17,-6,0,7,1)) -> 147.73429 | K17: =STDEV(OFFSET(I17,-6,0,7,1)) -> 0.012972334
A18: AAPL | B18: 44987 | C18: 144.38 | D18: 146.71001 | E18: 143.89999 | F18: 145.91 | G18: 145.91 | H18: 52238100 | I18: =(G18/G17)-1 -> 0.0041291454 | J18: =AVERAGE(OFFSET(G18,-6,0,7,1)) -> 147.36714 | K18: =STDEV(OFFSET(I18,-6,0,7,1)) -> 0.010011358
A19: AAPL | B19: 44988 | C19: 148.03999 | D19: 151.11 | E19: 147.33 | F19: 151.03 | G19: 151.03 | H19: 70732300 | I19: =(G19/G18)-1 -> 0.03509009 | J19: =AVERAGE(OFFSET(G19,-6,0,7,1)) -> 147.67 | K19: =STDEV(OFFSET(I19,-6,0,7,1)) -> 0.017482593
... A249: NFLX | B249: 45051 | C249: 323.60999 | D249: 324.14999 | E249: 319.44 | F249: 322.76001 | G249: 322.76001 | H249: 3988600 | I249: =(G249/G248)-1 -> 0.0061724889 | J249: =AVERAGE(OFFSET(G249,-6,0,7,1)) -> 322.89857 | K249: =STDEV(OFFSET(I249,-6,0,7,1)) -> 0.014008519

Sheet Apple
A1: Ticker | B1: Date | C1: Open | D1: High | E1: Low | F1: Close | G1: Adj Close | H1: Volume | I1: Daily return(%) | J1: Zero line | K1: 7 Day Moving Avg | L1: Volatility | V1: Avg Daily Return | W1: =AVERAGE(I2:I63) -> 0.0020165498
A2: AAPL | B2: 44964 | C2: 150.64 | D2: 155.23 | E2: 150.64 | F2: 154.64999 | G2: 154.41423 | H2: 83322600 | J2: 0 | V2: Avg Volatility | W2: =AVERAGEIF(L2:L63,"<>") -> 0.013260071
A3: AAPL | B3: 44965 | C3: 153.88 | D3: 154.58 | E3: 151.17 | F3: 151.92 | G3: 151.6884 | H3: 64120100 | I3: =(G3/G2)-1 -> -0.017652713 | J3: 0 | V3: Highest Return | W3: =MAX(I2:I63) -> 0.046926922
A4: AAPL | B4: 44966 | C4: 153.78 | D4: 154.33 | E4: 150.42 | F4: 150.87 | G4: 150.64 | H4: 56007100 | I4: =(G4/G3)-1 -> -0.0069115429 | J4: 0 | V4: Lowest Return | W4: =MIN(I2:I63) -> -0.026679825
A5: AAPL | B5: 44967 | C5: 149.46001 | D5: 151.34 | E5: 149.22 | F5: 151.00999 | G5: 151.00999 | H5: 57450700 | I5: =(G5/G4)-1 -> 0.0024561545 | J5: 0 | V5: Recent Volatility | W5: {=INDEX(L2:L63,COUNTA(L2:L63))} -> 0.013268252
A6: AAPL | B6: 44970 | C6: 150.95 | D6: 154.25999 | E6: 150.92 | F6: 153.85001 | G6: 153.85001 | H6: 62199000 | I6: =(G6/G5)-1 -> 0.018806779 | J6: 0
A7: AAPL | B7: 44971 | C7: 152.12 | D7: 153.77 | E7: 150.86 | F7: 153.2 | G7: 153.2 | H7: 61707600 | I7: =(G7/G6)-1 -> -0.0042249537 | J7: 0
A8: AAPL | B8: 44972 | C8: 153.11 | D8: 155.5 | E8: 152.88 | F8: 155.33 | G8: 155.33 | H8: 65573800 | I8: =(G8/G7)-1 -> 0.013903426 | J8: 0 | K8: =AVERAGE(OFFSET(G8,-6,0,7,1)) -> 152.87609 | L8: =STDEV(OFFSET(I8,-6,0,7,1)) -> 0.013590385
A9: AAPL | B9: 44973 | C9: 153.50999 | D9: 156.33 | E9: 153.35001 | F9: 153.71001 | G9: 153.71001 | H9: 68167900 | I9: =(G9/G8)-1 -> -0.010429377 | J9: 0 | K9: =AVERAGE(OFFSET(G9,-6,0,7,1)) -> 152.77549 | L9: =STDEV(OFFSET(I9,-6,0,7,1)) -> 0.013144688
A10: AAPL | B10: 44974 | C10: 152.35001 | D10: 153 | E10: 150.85001 | F10: 152.55 | G10: 152.55 | H10: 59144100 | I10: =(G10/G9)-1 -> -0.0075467023 | J10: 0 | K10: =AVERAGE(OFFSET(G10,-6,0,7,1)) -> 152.89857 | L10: =STDEV(OFFSET(I10,-6,0,7,1)) -> 0.011395479
A11: AAPL | B11: 44978 | C11: 150.2 | D11: 151.3 | E11: 148.41 | F11: 148.48 | G11: 148.48 | H11: 58867200 | I11: =(G11/G10)-1 -> -0.026679825 | J11: 0 | K11: =AVERAGE(OFFSET(G11,-6,0,7,1)) -> 152.59 | L11: =STDEV(OFFSET(I11,-6,0,7,1)) -> 0.015392374
A12: AAPL | B12: 44979 | C12: 148.87 | D12: 149.95 | E12: 147.16 | F12: 148.91 | G12: 148.91 | H12: 51011300 | I12: =(G12/G11)-1 -> 0.0028960665 | J12: 0 | K12: =AVERAGE(OFFSET(G12,-6,0,7,1)) -> 152.29 | L12: =STDEV(OFFSET(I12,-6,0,7,1)) -> 0.015414289
A13: AAPL | B13: 44980 | C13: 150.09 | D13: 150.34 | E13: 147.24001 | F13: 149.39999 | G13: 149.39999 | H13: 48394200 | I13: =(G13/G12)-1 -> 0.0032905125 | J13: 0 | K13: =AVERAGE(OFFSET(G13,-6,0,7,1)) -> 151.65429 | L13: =STDEV(OFFSET(I13,-6,0,7,1)) -> 0.012841934
A14: AAPL | B14: 44981 | C14: 147.11 | D14: 147.19 | E14: 145.72 | F14: 146.71001 | G14: 146.71001 | H14: 55469600 | I14: =(G14/G13)-1 -> -0.01800527 | J14: 0 | K14: =AVERAGE(OFFSET(G14,-6,0,7,1)) -> 150.72714 | L14: =STDEV(OFFSET(I14,-6,0,7,1)) -> 0.013876519
A15: AAPL | B15: 44984 | C15: 147.71001 | D15: 149.17 | E15: 147.45 | F15: 147.92 | G15: 147.92 | H15: 44998500 | I15: =(G15/G14)-1 -> 0.0082475046 | J15: 0 | K15: =AVERAGE(OFFSET(G15,-6,0,7,1)) -> 149.66857 | L15: =STDEV(OFFSET(I15,-6,0,7,1)) -> 0.012627343
A16: AAPL | B16: 44985 | C16: 147.05 | D16: 149.08 | E16: 146.83 | F16: 147.41 | G16: 147.41 | H16: 50547000 | I16: =(G16/G15)-1 -> -0.0034477725 | J16: 0 | K16: =AVERAGE(OFFSET(G16,-6,0,7,1)) -> 148.76857 | L16: =STDEV(OFFSET(I16,-6,0,7,1)) -> 0.012576774
A17: AAPL | B17: 44986 | C17: 146.83 | D17: 147.23 | E17: 145.00999 | F17: 145.31 | G17: 145.31 | H17: 55479000 | I17: =(G17/G16)-1 -> -0.014246022 | J17: 0 | K17: =AVERAGE(OFFSET(G17,-6,0,7,1)) -> 147.73429 | L17: =STDEV(OFFSET(I17,-6,0,7,1)) -> 0.012972334
A18: AAPL | B18: 44987 | C18: 144.38 | D18: 146.71001 | E18: 143.89999 | F18: 145.91 | G18: 145.91 | H18: 52238100 | I18: =(G18/G17)-1 -> 0.0041291454 | J18: 0 | K18: =AVERAGE(OFFSET(G18,-6,0,7,1)) -> 147.36714 | L18: =STDEV(OFFSET(I18,-6,0,7,1)) -> 0.010011358
A19: AAPL | B19: 44988 | C19: 148.03999 | D19: 151.11 | E19: 147.33 | F19: 151.03 | G19: 151.03 | H19: 70732300 | I19: =(G19/G18)-1 -> 0.03509009 | J19: 0 | K19: =AVERAGE(OFFSET(G19,-6,0,7,1)) -> 147.67 | L19: =STDEV(OFFSET(I19,-6,0,7,1)) -> 0.017482593
... A63: AAPL | B63: 45051 | C63: 170.98 | D63: 174.3 | E63: 170.75999 | F63: 173.57001 | G63: 173.57001 | H63: 113316400 | I63: =(G63/G62)-1 -> 0.046926922 | J63: 0 | K63: =AVERAGE(OFFSET(G63,-6,0,7,1)) -> 169.00428 | L63: =STDEV(OFFSET(I63,-6,0,7,1)) -> 0.021345646

Sheet msft
A1: Ticker | B1: Date | C1: Open | D1: High | E1: Low | F1: Close | G1: Adj Close | H1: Volume | I1: Daily return(%) | J1: Zero line | K1: 7 Day Moving Avg | L1: Volatility | U1: Avg Daily Return | V1: =AVERAGE(I2:I63) -> 0.0026465147
A2: MSFT | B2: 44964 | C2: 260.53 | D2: 268.76999 | E2: 260.07999 | F2: 267.56 | G2: 266.89151 | H2: 50841400 | J2: 0 | U2: Avg Volatility | V2: =AVERAGEIF(L2:L63,"<>") -> 0.017351968
A3: MSFT | B3: 44965 | C3: 273.20001 | D3: 276.76001 | E3: 266.20999 | F3: 266.73001 | G3: 266.0636 | H3: 54686000 | I3: =(G3/G2)-1 -> -0.0031020521 | J3: 0 | U3: Highest Return | V3: =MAX(I2:I63) -> 0.072434757
A4: MSFT | B4: 44966 | C4: 273.79999 | D4: 273.98001 | E4: 262.79999 | F4: 263.62 | G4: 262.96136 | H4: 42375100 | I4: =(G4/G3)-1 -> -0.011659746 | J4: 0 | U4: Lowest Return | V4: =MIN(I2:I63) -> -0.026622654
A5: MSFT | B5: 44967 | C5: 261.53 | D5: 264.09 | E5: 260.66 | F5: 263.10001 | G5: 262.44266 | H5: 25818500 | I5: =(G5/G4)-1 -> -0.0019725608 | J5: 0 | U5: Recent Volatility | V5: {=INDEX(L2:L63,COUNTA(L2:L63))} -> 0.033033033
A6: MSFT | B6: 44970 | C6: 267.64001 | D6: 274.60001 | E6: 267.14999 | F6: 271.32001 | G6: 270.64212 | H6: 44630900 | I6: =(G6/G5)-1 -> 0.031242874 | J6: 0
A7: MSFT | B7: 44971 | C7: 272.67001 | D7: 274.97 | E7: 269.28 | F7: 272.17001 | G7: 271.49002 | H7: 37047900 | I7: =(G7/G6)-1 -> 0.003132921 | J7: 0
A8: MSFT | B8: 44972 | C8: 268.32001 | D8: 270.73001 | E8: 266.17999 | F8: 269.32001 | G8: 269.32001 | H8: 28922400 | I8: =(G8/G7)-1 -> -0.0079929768 | J8: 0 | K8: =AVERAGE(OFFSET(G8,-6,0,7,1)) -> 267.1159 | L8: =STDEV(OFFSET(I8,-6,0,7,1)) -> 0.015386799
A9: MSFT | B9: 44973 | C9: 264.01999 | D9: 266.73999 | E9: 261.89999 | F9: 262.14999 | G9: 262.14999 | H9: 29603600 | I9: =(G9/G8)-1 -> -0.026622654 | J9: 0 | K9: =AVERAGE(OFFSET(G9,-6,0,7,1)) -> 266.43854 | L9: =STDEV(OFFSET(I9,-6,0,7,1)) -> 0.017639391
A10: MSFT | B10: 44974 | C10: 259.39001 | D10: 260.09 | E10: 256 | F10: 258.06 | G10: 258.06 | H10: 30000100 | I10: =(G10/G9)-1 -> -0.015601741 | J10: 0 | K10: =AVERAGE(OFFSET(G10,-6,0,7,1)) -> 265.29517 | L10: =STDEV(OFFSET(I10,-6,0,7,1)) -> 0.018338209
A11: MSFT | B11: 44978 | C11: 254.48 | D11: 255.49001 | E11: 251.59 | F11: 252.67 | G11: 252.67 | H11: 28397400 | I11: =(G11/G10)-1 -> -0.020886613 | J11: 0 | K11: =AVERAGE(OFFSET(G11,-6,0,7,1)) -> 263.82497 | L11: =STDEV(OFFSET(I11,-6,0,7,1)) -> 0.01927078
A12: MSFT | B12: 44979 | C12: 254.09 | D12: 254.34 | E12: 250.34 | F12: 251.50999 | G12: 251.50999 | H12: 22491100 | I12: =(G12/G11)-1 -> -0.004590983 | J12: 0 | K12: =AVERAGE(OFFSET(G12,-6,0,7,1)) -> 262.26316 | L12: =STDEV(OFFSET(I12,-6,0,7,1)) -> 0.019215582
A13: MSFT | B13: 44980 | C13: 255.56 | D13: 256.84 | E13: 250.48 | F13: 254.77 | G13: 254.77 | H13: 29219100 | I13: =(G13/G12)-1 -> 0.01296175 | J13: 0 | K13: =AVERAGE(OFFSET(G13,-6,0,7,1)) -> 259.99572 | L13: =STDEV(OFFSET(I13,-6,0,7,1)) -> 0.013806769
A14: MSFT | B14: 44981 | C14: 249.96001 | D14: 251 | E14: 248.10001 | F14: 249.22 | G14: 249.22 | H14: 24990900 | I14: =(G14/G13)-1 -> -0.021784366 | J14: 0 | K14: =AVERAGE(OFFSET(G14,-6,0,7,1)) -> 256.81429 | L14: =STDEV(OFFSET(I14,-6,0,7,1)) -> 0.013512345
A15: MSFT | B15: 44984 | C15: 252.46001 | D15: 252.82001 | E15: 249.39 | F15: 250.16 | G15: 250.16 | H15: 21190000 | I15: =(G15/G14)-1 -> 0.0037717777 | J15: 0 | K15: =AVERAGE(OFFSET(G15,-6,0,7,1)) -> 254.07714 | L15: =STDEV(OFFSET(I15,-6,0,7,1)) -> 0.014777012
A16: MSFT | B16: 44985 | C16: 249.07001 | D16: 251.49001 | E16: 248.73 | F16: 249.42 | G16: 249.42 | H16: 22491000 | I16: =(G16/G15)-1 -> -0.0029581287 | J16: 0 | K16: =AVERAGE(OFFSET(G16,-6,0,7,1)) -> 252.25857 | L16: =STDEV(OFFSET(I16,-6,0,7,1)) -> 0.013051482
A17: MSFT | B17: 44986 | C17: 250.75999 | D17: 250.92999 | E17: 245.78999 | F17: 246.27 | G17: 246.27 | H17: 27565300 | I17: =(G17/G16)-1 -> -0.012629276 | J17: 0 | K17: =AVERAGE(OFFSET(G17,-6,0,7,1)) -> 250.57429 | L17: =STDEV(OFFSET(I17,-6,0,7,1)) -> 0.012770791
A18: MSFT | B18: 44987 | C18: 246.55 | D18: 251.39999 | E18: 245.61 | F18: 251.11 | G18: 251.11 | H18: 24808200 | I18: =(G18/G17)-1 -> 0.019653211 | J18: 0 | K18: =AVERAGE(OFFSET(G18,-6,0,7,1)) -> 250.35143 | L18: =STDEV(OFFSET(I18,-6,0,7,1)) -> 0.01430574
A19: MSFT | B19: 44988 | C19: 252.19 | D19: 255.62 | E19: 251.39 | F19: 255.28999 | G19: 255.28999 | H19: 30760100 | I19: =(G19/G18)-1 -> 0.016646062 | J19: 0 | K19: =AVERAGE(OFFSET(G19,-6,0,7,1)) -> 250.89143 | L19: =STDEV(OFFSET(I19,-6,0,7,1)) -> 0.015563541
... A63: MSFT | B63: 45051 | C63: 305.72 | D63: 311.97 | E63: 304.26999 | F63: 310.64999 | G63: 310.64999 | H63: 28181200 | I63: =(G63/G62)-1 -> 0.017157232 | J63: 0 | K63: =AVERAGE(OFFSET(G63,-6,0,7,1)) -> 306.21714 | L63: =STDEV(OFFSET(I63,-6,0,7,1)) -> 0.013309237

Sheet nflx
A1: Ticker | B1: Date | C1: Open | D1: High | E1: Low | F1: Close | G1: Adj Close | H1: Volume | I1: Daily return(%) | J1: Zero line | K1: 7 Day Moving Avg | L1: Volatility | U1: Avg Daily Return | V1: =AVERAGE(I2:I63) -> -0.0016763958
A2: NFLX | B2: 44964 | C2: 358.51001 | D2: 364.17999 | E2: 354.17999 | F2: 362.95001 | G2: 362.95001 | H2: 6289400 | J2: 0 | U2: Avg Volatility | V2: =AVERAGEIF(L2:L63,"<>") -> 0.021235413
A3: NFLX | B3: 44965 | C3: 360.01999 | D3: 368.19 | E3: 358.31 | F3: 366.82999 | G3: 366.82999 | H3: 6253200 | I3: =(G3/G2)-1 -> 0.010690107 | J3: 0 | U3: Highest Return | V3: =MAX(I2:I63) -> 0.090064654
A4: NFLX | B4: 44966 | C4: 372.41 | D4: 373.82999 | E4: 361.73999 | F4: 362.5 | G4: 362.5 | H4: 6901100 | I4: =(G4/G3)-1 -> -0.011803797 | J4: 0 | U4: Lowest Return | V4: =MIN(I2:I63) -> -0.04493412
A5: NFLX | B5: 44967 | C5: 359.16 | D5: 362.14001 | E5: 347.14001 | F5: 347.35999 | G5: 347.35999 | H5: 7291100 | I5: =(G5/G4)-1 -> -0.041765558 | J5: 0 | U5: Recent Volatility | V5: {=INDEX(L2:L63,COUNTA(L2:L63))} -> 0.016697898
A6: NFLX | B6: 44970 | C6: 349.5 | D6: 359.70001 | E6: 344.25 | F6: 358.57001 | G6: 358.57001 | H6: 7134400 | I6: =(G6/G5)-1 -> 0.032272059 | J6: 0
A7: NFLX | B7: 44971 | C7: 357.54999 | D7: 363.75 | E7: 353.39999 | F7: 359.95999 | G7: 359.95999 | H7: 4624800 | I7: =(G7/G6)-1 -> 0.0038764651 | J7: 0
A8: NFLX | B8: 44972 | C8: 356.63 | D8: 362.88 | E8: 354.23999 | F8: 361.42001 | G8: 361.42001 | H8: 3966000 | I8: =(G8/G7)-1 -> 0.0040560674 | J8: 0 | K8: =AVERAGE(OFFSET(G8,-6,0,7,1)) -> 359.94143 | L8: =STDEV(OFFSET(I8,-6,0,7,1)) -> 0.024777982
A9: NFLX | B9: 44973 | C9: 355 | D9: 361.5 | E9: 350.31 | F9: 350.70999 | G9: 350.70999 | H9: 5215700 | I9: =(G9/G8)-1 -> -0.029633174 | J9: 0 | K9: =AVERAGE(OFFSET(G9,-6,0,7,1)) -> 358.19285 | L9: =STDEV(OFFSET(I9,-6,0,7,1)) -> 0.025165934
A10: NFLX | B10: 44974 | C10: 347.91 | D10: 349 | E10: 342.44 | F10: 347.95999 | G10: 347.95999 | H10: 5294700 | I10: =(G10/G9)-1 -> -0.0078412365 | J10: 0 | K10: =AVERAGE(OFFSET(G10,-6,0,7,1)) -> 355.49714 | L10: =STDEV(OFFSET(I10,-6,0,7,1)) -> 0.024245392
A11: NFLX | B11: 44978 | C11: 342.85001 | D11: 344.13 | E11: 336.42001 | F11: 337.5 | G11: 337.5 | H11: 5710300 | I11: =(G11/G10)-1 -> -0.030060903 | J11: 0 | K11: =AVERAGE(OFFSET(G11,-6,0,7,1)) -> 351.92571 | L11: =STDEV(OFFSET(I11,-6,0,7,1)) -> 0.025750572
A12: NFLX | B12: 44979 | C12: 337.5 | D12: 341.91 | E12: 332.82001 | F12: 334.88 | G12: 334.88 | H12: 4546200 | I12: =(G12/G11)-1 -> -0.0077629485 | J12: 0 | K12: =AVERAGE(OFFSET(G12,-6,0,7,1)) -> 350.14286 | L12: =STDEV(OFFSET(I12,-6,0,7,1)) -> 0.02160462
A13: NFLX | B13: 44980 | C13: 331.23001 | D13: 331.28 | E13: 314.29999 | F13: 323.64999 | G13: 323.64999 | H13: 13238700 | I13: =(G13/G12)-1 -> -0.033534433 | J13: 0 | K13: =AVERAGE(OFFSET(G13,-6,0,7,1)) -> 345.15428 | L13: =STDEV(OFFSET(I13,-6,0,7,1)) -> 0.016356252
A14: NFLX | B14: 44981 | C14: 319.29999 | D14: 321.5 | E14: 314.51999 | F14: 317.14999 | G14: 317.14999 | H14: 6830700 | I14: =(G14/G13)-1 -> -0.020083424 | J14: 0 | K14: =AVERAGE(OFFSET(G14,-6,0,7,1)) -> 339.03857 | L14: =STDEV(OFFSET(I14,-6,0,7,1)) -> 0.014263809
A15: NFLX | B15: 44984 | C15: 323.87 | D15: 330 | E15: 322.12 | F15: 323.03 | G15: 323.03 | H15: 6142600 | I15: =(G15/G14)-1 -> 0.018540139 | J15: 0 | K15: =AVERAGE(OFFSET(G15,-6,0,7,1)) -> 333.55428 | L15: =STDEV(OFFSET(I15,-6,0,7,1)) -> 0.018415401
A16: NFLX | B16: 44985 | C16: 323.70001 | D16: 327.62 | E16: 321.17001 | F16: 322.13 | G16: 322.13 | H16: 3676100 | I16: =(G16/G15)-1 -> -0.0027861001 | J16: 0 | K16: =AVERAGE(OFFSET(G16,-6,0,7,1)) -> 329.47143 | L16: =STDEV(OFFSET(I16,-6,0,7,1)) -> 0.017832938
A17: NFLX | B17: 44986 | C17: 321.54999 | D17: 326.60001 | E17: 312.35999 | F17: 313.48001 | G17: 313.48001 | H17: 4911300 | I17: =(G17/G16)-1 -> -0.026852494 | J17: 0 | K17: =AVERAGE(OFFSET(G17,-6,0,7,1)) -> 324.54572 | L17: =STDEV(OFFSET(I17,-6,0,7,1)) -> 0.01853964
A18: NFLX | B18: 44987 | C18: 310.95999 | D18: 315.57001 | E18: 310.38 | F18: 311.88 | G18: 311.88 | H18: 4911000 | I18: =(G18/G17)-1 -> -0.0051040132 | J18: 0 | K18: =AVERAGE(OFFSET(G18,-6,0,7,1)) -> 320.88572 | L18: =STDEV(OFFSET(I18,-6,0,7,1)) -> 0.017449409
A19: NFLX | B19: 44988 | C19: 315.45001 | D19: 317.48999 | E19: 310.82001 | F19: 315.17999 | G19: 315.17999 | H19: 5953300 | I19: =(G19/G18)-1 -> 0.010580953 | J19: 0 | K19: =AVERAGE(OFFSET(G19,-6,0,7,1)) -> 318.07143 | L19: =STDEV(OFFSET(I19,-6,0,7,1)) -> 0.01930948
... A63: NFLX | B63: 45051 | C63: 323.60999 | D63: 324.14999 | E63: 319.44 | F63: 322.76001 | G63: 322.76001 | H63: 3988600 | I63: =(G63/G62)-1 -> 0.0061724889 | J63: 0 | K63: =AVERAGE(OFFSET(G63,-6,0,7,1)) -> 322.89857 | L63: =STDEV(OFFSET(I63,-6,0,7,1)) -> 0.014008519

Sheet google
A1: Ticker | B1: Date | C1: Open | D1: High | E1: Low | F1: Close | G1: Adj Close | H1: Volume | I1: Daily return(%) | J1: Zero line | K1: 7 Day Moving Avg | L1: Volatility | U1: Avg Daily Return | V1: =AVERAGE(I2:I63) -> -6.6809075e-05
A2: GOOG | B2: 44964 | C2: 103.63 | D2: 108.67 | E2: 103.548 | F2: 108.04 | G2: 108.04 | H2: 33738800 | J2: 0 | U2: Avg Volatility | V2: =AVERAGEIF(L2:L63,"<>") -> 0.018307489
A3: GOOG | B3: 44965 | C3: 102.69 | D3: 103.58 | E3: 98.455002 | F3: 100 | G3: 100 | H3: 73546000 | I3: =(G3/G2)-1 -> -0.07441689 | J3: 0 | U3: Highest Return | V3: =MAX(I2:I63) -> 0.046815085
A4: GOOG | B4: 44966 | C4: 100.54 | D4: 100.61 | E4: 93.860001 | F4: 95.459999 | G4: 95.459999 | H4: 97798600 | I4: =(G4/G3)-1 -> -0.045400009 | J4: 0 | U4: Lowest Return | V4: =MIN(I2:I63) -> -0.07441689
A5: GOOG | B5: 44967 | C5: 95.739998 | D5: 97.019997 | E5: 94.529999 | F5: 94.860001 | G5: 94.860001 | H5: 49325300 | I5: =(G5/G4)-1 -> -0.0062853392 | J5: 0 | U5: Recent Volatility | V5: {=INDEX(L2:L63,COUNTA(L2:L63))} -> 0.017423381
A6: GOOG | B6: 44970 | C6: 95.010002 | D6: 95.349998 | E6: 94.050003 | F6: 95 | G6: 95 | H6: 43116600 | I6: =(G6/G5)-1 -> 0.0014758527 | J6: 0
A7: GOOG | B7: 44971 | C7: 94.660004 | D7: 95.175003 | E7: 92.650002 | F7: 94.949997 | G7: 94.949997 | H7: 42513100 | I7: =(G7/G6)-1 -> -0.00052634791 | J7: 0
A8: GOOG | B8: 44972 | C8: 94.739998 | D8: 97.339996 | E8: 94.360001 | F8: 97.099998 | G8: 97.099998 | H8: 36964500 | I8: =(G8/G7)-1 -> 0.022643513 | J8: 0 | K8: =AVERAGE(OFFSET(G8,-6,0,7,1)) -> 97.915714 | L8: =STDEV(OFFSET(I8,-6,0,7,1)) -> 0.035783703
A9: GOOG | B9: 44973 | C9: 95.540001 | D9: 97.879997 | E9: 94.970001 | F9: 95.779999 | G9: 95.779999 | H9: 35642100 | I9: =(G9/G8)-1 -> -0.01359423 | J9: 0 | K9: =AVERAGE(OFFSET(G9,-6,0,7,1)) -> 96.164285 | L9: =STDEV(OFFSET(I9,-6,0,7,1)) -> 0.032692535
A10: GOOG | B10: 44974 | C10: 95.07 | D10: 95.75 | E10: 93.449997 | F10: 94.589996 | G10: 94.589996 | H10: 31095100 | I10: =(G10/G9)-1 -> -0.012424331 | J10: 0 | K10: =AVERAGE(OFFSET(G10,-6,0,7,1)) -> 95.391427 | L10: =STDEV(OFFSET(I10,-6,0,7,1)) -> 0.02056183
A11: GOOG | B11: 44978 | C11: 93.239998 | D11: 93.415001 | E11: 92 | F11: 92.050003 | G11: 92.050003 | H11: 28367200 | I11: =(G11/G10)-1 -> -0.026852663 | J11: 0 | K11: =AVERAGE(OFFSET(G11,-6,0,7,1)) -> 94.904285 | L11: =STDEV(OFFSET(I11,-6,0,7,1)) -> 0.015460925
A12: GOOG | B12: 44979 | C12: 91.933998 | D12: 92.360001 | E12: 90.870003 | F12: 91.800003 | G12: 91.800003 | H12: 29891100 | I12: =(G12/G11)-1 -> -0.0027159152 | J12: 0 | K12: =AVERAGE(OFFSET(G12,-6,0,7,1)) -> 94.467142 | L12: =STDEV(OFFSET(I12,-6,0,7,1)) -> 0.015473422
A13: GOOG | B13: 44980 | C13: 92.129997 | D13: 92.129997 | E13: 90.010002 | F13: 91.07 | G13: 91.07 | H13: 32423700 | I13: =(G13/G12)-1 -> -0.007952106 | J13: 0 | K13: =AVERAGE(OFFSET(G13,-6,0,7,1)) -> 93.905714 | L13: =STDEV(OFFSET(I13,-6,0,7,1)) -> 0.015268365
A14: GOOG | B14: 44981 | C14: 89.629997 | D14: 90.129997 | E14: 88.860001 | F14: 89.349998 | G14: 89.349998 | H14: 31295600 | I14: =(G14/G13)-1 -> -0.018886584 | J14: 0 | K14: =AVERAGE(OFFSET(G14,-6,0,7,1)) -> 93.105714 | L14: =STDEV(OFFSET(I14,-6,0,7,1)) -> 0.015757093
A15: GOOG | B15: 44984 | C15: 90.089996 | D15: 90.449997 | E15: 89.610001 | F15: 90.099998 | G15: 90.099998 | H15: 22724300 | I15: =(G15/G14)-1 -> 0.0083939565 | J15: 0 | K15: =AVERAGE(OFFSET(G15,-6,0,7,1)) -> 92.105714 | L15: =STDEV(OFFSET(I15,-6,0,7,1)) -> 0.011365493
A16: GOOG | B16: 44985 | C16: 89.540001 | D16: 91.449997 | E16: 89.519997 | F16: 90.300003 | G16: 90.300003 | H16: 30546900 | I16: =(G16/G15)-1 -> 0.0022198067 | J16: 0 | K16: =AVERAGE(OFFSET(G16,-6,0,7,1)) -> 91.322857 | L16: =STDEV(OFFSET(I16,-6,0,7,1)) -> 0.012206165
A17: GOOG | B17: 44986 | C17: 90.160004 | D17: 91.199997 | E17: 89.849998 | F17: 90.510002 | G17: 90.510002 | H17: 26323900 | I17: =(G17/G16)-1 -> 0.0023255712 | J17: 0 | K17: =AVERAGE(OFFSET(G17,-6,0,7,1)) -> 90.740001 | L17: =STDEV(OFFSET(I17,-6,0,7,1)) -> 0.012644182
A18: GOOG | B18: 44987 | C18: 89.860001 | D18: 92.480003 | E18: 89.769997 | F18: 92.309998 | G18: 92.309998 | H18: 23328600 | I18: =(G18/G17)-1 -> 0.019887254 | J18: 0 | K18: =AVERAGE(OFFSET(G18,-6,0,7,1)) -> 90.777143 | L18: =STDEV(OFFSET(I18,-6,0,7,1)) -> 0.012261614
A19: GOOG | B19: 44988 | C19: 92.739998 | D19: 94.110001 | E19: 92.660004 | F19: 94.019997 | G19: 94.019997 | H19: 30242500 | I19: =(G19/G18)-1 -> 0.018524527 | J19: 0 | K19: =AVERAGE(OFFSET(G19,-6,0,7,1)) -> 91.094285 | L19: =STDEV(OFFSET(I19,-6,0,7,1)) -> 0.013865769
... A63: GOOG | B63: 45051 | C63: 105.32 | D63: 106.44 | E63: 104.739 | F63: 106.215 | G63: 106.215 | H63: 20705300 | I63: =(G63/G62)-1 -> 0.0095522979 | J63: 0 | K63: =AVERAGE(OFFSET(G63,-6,0,7,1)) -> 106.83214 | L63: =STDEV(OFFSET(I63,-6,0,7,1)) -> 0.017380655

Sheet kpi
A2: KPI | B2: Apple | C2: Microsoft | D2: Netflix | E2: Google
A3: Avg Daily Return | B3: {=Apple!W1:W5} -> 0.0020165498 | C3: {=msft!V1:V5} -> 0.0026465147 | D3: {=nflx!V1:V5} -> -0.0016763958 | E3: {=google!V1:V5} -> -6.6809075e-05
A4: Avg Volatility | B4: 0.013260071 | C4: 0.017351968 | D4: 0.021235413 | E4: 0.018307489
A5: Highest Return | B5: 0.046926922 | C5: 0.072434757 | D5: 0.090064654 | E5: 0.046815085
A6: Lowest Return | B6: -0.026679825 | C6: -0.026622654 | D6: -0.04493412 | E6: -0.07441689
A7: Recent Volatility | B7: 0.013268252 | C7: 0.033033033 | D7: 0.016697898 | E7: 0.017423381

Sheet correlation
A1: Date | B1: {=charts!B1:B63} -> Apple_AdjClose | C1: {=charts!C1:C63} -> MSFT_AdjClose | D1: {=charts!D1:D63} -> NFLX_AdjClose | E1: {=charts!E1:E63} -> GOOG_AdjClose
A2: {=charts!A2:A63} -> 44964 | B2: 154.41423 | C2: 266.89151 | D2: 362.95001 | E2: 108.04 | I2: Apple | J2: Microsoft | K2: Netflix | L2: Google
A3: 44965 | B3: 151.6884 | C3: 266.0636 | D3: 366.82999 | E3: 100 | H3: Apple | I3: =CORREL(B2:B63,B2:B63) -> 1 | J3: =CORREL(B2:B63,C2:C63) -> 0.95397672 | K3: =CORREL(B2:B63,D2:D63) -> 0.15117759 | L3: =CORREL(B2:B63,E2:E63) -> 0.90040471
A4: 44966 | B4: 150.64 | C4: 262.96136 | D4: 362.5 | E4: 95.459999 | H4: Microsoft | I4: =CORREL(C2:C63,B2:B63) -> 0.95397672 | J4: =CORREL(C2:C63,C2:C63) -> 1 | K4: =CORREL(C2:C63,D2:D63) -> 0.18453513 | L4: =CORREL(C2:C63,E2:E63) -> 0.88459033
A5: 44967 | B5: 151.00999 | C5: 262.44266 | D5: 347.35999 | E5: 94.860001 | H5: Netflix | I5: =CORREL(D2:D63,B2:B63) -> 0.15117759 | J5: =CORREL(D2:D63,C2:C63) -> 0.18453513 | K5: =CORREL(D2:D63,D2:D63) -> 1 | L5: =CORREL(D2:D63,E2:E63) -> 0.2010461
A6: 44970 | B6: 153.85001 | C6: 270.64212 | D6: 358.57001 | E6: 95 | H6: Google | I6: =CORREL(E2:E63,B2:B63) -> 0.90040471 | J6: =CORREL(E2:E63,C2:C63) -> 0.88459033 | K6: =CORREL(E2:E63,D2:D63) -> 0.2010461 | L6: =CORREL(E2:E63,E2:E63) -> 1
A7: 44971 | B7: 153.2 | C7: 271.49002 | D7: 359.95999 | E7: 94.949997
A8: 44972 | B8: 155.33 | C8: 269.32001 | D8: 361.42001 | E8: 97.099998
A9: 44973 | B9: 153.71001 | C9: 262.14999 | D9: 350.70999 | E9: 95.779999
A10: 44974 | B10: 152.55 | C10: 258.06 | D10: 347.95999 | E10: 94.589996
A11: 44978 | B11: 148.48 | C11: 252.67 | D11: 337.5 | E11: 92.050003
A12: 44979 | B12: 148.91 | C12: 251.50999 | D12: 334.88 | E12: 91.800003
A13: 44980 | B13: 149.39999 | C13: 254.77 | D13: 323.64999 | E13: 91.07
A14: 44981 | B14: 146.71001 | C14: 249.22 | D14: 317.14999 | E14: 89.349998
A15: 44984 | B15: 147.92 | C15: 250.16 | D15: 323.03 | E15: 90.099998
A16: 44985 | B16: 147.41 | C16: 249.42 | D16: 322.13 | E16: 90.300003
A17: 44986 | B17: 145.31 | C17: 246.27 | D17: 313.48001 | E17: 90.510002
A18: 44987 | B18: 145.91 | C18: 251.11 | D18: 311.88 | E18: 92.309998
... A63: 45051 | B63: 173.57001 | C63: 310.64999 | D63: 322.76001 | E63: 106.215

Sheet charts
A1: {=Apple!B1:B63} -> Date | B1: Apple_AdjClose | C1: MSFT_AdjClose | D1: NFLX_AdjClose | E1: GOOG_AdjClose | F1: Apple_Return | G1: MSFT_Return | H1: NFLX_Return | I1: GOOG_Return | J1: Zero Line | K1: Apple_7DMA | L1: MSFT_7DMA | M1: NFLX_7DMA | N1: GOOG_7DMA | O1: Apple_Vol | P1: MSFT_Vol | Q1: NFLX_Vol | R1: GOOG_Vol
A2: 44964 | B2: {=Apple!G2:G63} -> 154.41423 | C2: {=msft!G2:G63} -> 266.89151 | D2: {=nflx!G2:G63} -> 362.95001 | E2: {=google!G2:G63} -> 108.04 | F2: {=Apple!I2:I63} -> 0 | G2: {=msft!I2:I63} -> 0 | H2: {=nflx!I2:I63} -> 0 | I2: {=google!I2:I63} -> 0 | J2: 0 | K2: {=Apple!K2:K63} -> 0 | L2: {=msft!K2:K63} -> 0 | M2: {=nflx!K2:K63} -> 0 | N2: {=google!K2:K63} -> 0 | O2: {=Apple!L2:L63} -> 0 | P2: {=msft!L2:L63} -> 0 | Q2: {=nflx!L2:L63} -> 0 | R2: {=google!L2:L63} -> 0
A3: 44965 | B3: 151.6884 | C3: 266.0636 | D3: 366.82999 | E3: 100 | F3: -0.017652713 | G3: -0.0031020521 | H3: 0.010690107 | I3: -0.07441689 | J3: 0 | K3: 0 | L3: 0 | M3: 0 | N3: 0 | O3: 0 | P3: 0 | Q3: 0 | R3: 0
A4: 44966 | B4: 150.64 | C4: 262.96136 | D4: 362.5 | E4: 95.459999 | F4: -0.0069115429 | G4: -0.011659746 | H4: -0.011803797 | I4: -0.045400009 | J4: 0 | K4: 0 | L4: 0 | M4: 0 | N4: 0 | O4: 0 | P4: 0 | Q4: 0 | R4: 0
A5: 44967 | B5: 151.00999 | C5: 262.44266 | D5: 347.35999 | E5: 94.860001 | F5: 0.0024561545 | G5: -0.0019725608 | H5: -0.041765558 | I5: -0.0062853392 | J5: 0 | K5: 0 | L5: 0 | M5: 0 | N5: 0 | O5: 0 | P5: 0 | Q5: 0 | R5: 0
A6: 44970 | B6: 153.85001 | C6: 270.64212 | D6: 358.57001 | E6: 95 | F6: 0.018806779 | G6: 0.031242874 | H6: 0.032272059 | I6: 0.0014758527 | J6: 0 | K6: 0 | L6: 0 | M6: 0 | N6: 0 | O6: 0 | P6: 0 | Q6: 0 | R6: 0
A7: 44971 | B7: 153.2 | C7: 271.49002 | D7: 359.95999 | E7: 94.949997 | F7: -0.0042249537 | G7: 0.003132921 | H7: 0.0038764651 | I7: -0.00052634791 | J7: 0 | K7: 0 | L7: 0 | M7: 0 | N7: 0 | O7: 0 | P7: 0 | Q7: 0 | R7: 0
A8: 44972 | B8: 155.33 | C8: 269.32001 | D8: 361.42001 | E8: 97.099998 | F8: 0.013903426 | G8: -0.0079929768 | H8: 0.0040560674 | I8: 0.022643513 | J8: 0 | K8: 152.87609 | L8: 267.1159 | M8: 359.94143 | N8: 97.915714 | O8: 0.013590385 | P8: 0.015386799 | Q8: 0.024777982 | R8: 0.035783703
A9: 44973 | B9: 153.71001 | C9: 262.14999 | D9: 350.70999 | E9: 95.779999 | F9: -0.010429377 | G9: -0.026622654 | H9: -0.029633174 | I9: -0.01359423 | J9: 0 | K9: 152.77549 | L9: 266.43854 | M9: 358.19285 | N9: 96.164285 | O9: 0.013144688 | P9: 0.017639391 | Q9: 0.025165934 | R9: 0.032692535
A10: 44974 | B10: 152.55 | C10: 258.06 | D10: 347.95999 | E10: 94.589996 | F10: -0.0075467023 | G10: -0.015601741 | H10: -0.0078412365 | I10: -0.012424331 | J10: 0 | K10: 152.89857 | L10: 265.29517 | M10: 355.49714 | N10: 95.391427 | O10: 0.011395479 | P10: 0.018338209 | Q10: 0.024245392 | R10: 0.02056183
A11: 44978 | B11: 148.48 | C11: 252.67 | D11: 337.5 | E11: 92.050003 | F11: -0.026679825 | G11: -0.020886613 | H11: -0.030060903 | I11: -0.026852663 | J11: 0 | K11: 152.59 | L11: 263.82497 | M11: 351.92571 | N11: 94.904285 | O11: 0.015392374 | P11: 0.01927078 | Q11: 0.025750572 | R11: 0.015460925
A12: 44979 | B12: 148.91 | C12: 251.50999 | D12: 334.88 | E12: 91.800003 | F12: 0.0028960665 | G12: -0.004590983 | H12: -0.0077629485 | I12: -0.0027159152 | J12: 0 | K12: 152.29 | L12: 262.26316 | M12: 350.14286 | N12: 94.467142 | O12: 0.015414289 | P12: 0.019215582 | Q12: 0.02160462 | R12: 0.015473422
A13: 44980 | B13: 149.39999 | C13: 254.77 | D13: 323.64999 | E13: 91.07 | F13: 0.0032905125 | G13: 0.01296175 | H13: -0.033534433 | I13: -0.007952106 | J13: 0 | K13: 151.65429 | L13: 259.99572 | M13: 345.15428 | N13: 93.905714 | O13: 0.012841934 | P13: 0.013806769 | Q13: 0.016356252 | R13: 0.015268365
A14: 44981 | B14: 146.71001 | C14: 249.22 | D14: 317.14999 | E14: 89.349998 | F14: -0.01800527 | G14: -0.021784366 | H14: -0.020083424 | I14: -0.018886584 | J14: 0 | K14: 150.72714 | L14: 256.81429 | M14: 339.03857 | N14: 93.105714 | O14: 0.013876519 | P14: 0.013512345 | Q14: 0.014263809 | R14: 0.015757093
... A63: 45051 | B63: 173.57001 | C63: 310.64999 | D63: 322.76001 | E63: 106.215 | F63: 0.046926922 | G63: 0.017157232 | H63: 0.0061724889 | I63: 0.0095522979 | J63: 0 | K63: 169.00428 | L63: 306.21714 | M63: 322.89857 | N63: 106.83214 | O63: 0.021345646 | P63: 0.013309237 | Q63: 0.014008519 | R63: 0.017380655

Sheet Dashboard
A1: Stock Market Analysis Dashboard — Apple, Microsoft, Netflix & Google (Feb–May 2023)
A2: Tools: Excel copilot
A4: Apple | C4: Microsoft | E4: Netflix | G4: Google
K37: Apple | L37: Microsoft | M37: Netflix | N37: Google
J38: Apple | K38: 1 | L38: 0.95397672 | M38: 0.15117759 | N38: 0.90040471
J39: Microsoft | K39: 0.95397672 | L39: 1 | M39: 0.18453513 | N39: 0.88459033
J40: Netflix | K40: 0.15117759 | L40: 0.18453513 | M40: 1 | N40: 0.2010461
J41: Google | K41: 0.90040471 | L41: 0.88459033 | M41: 0.2010461 | N41: 1
